X,step,TestPiedra
-2.0,1,10
-1.5558259811378157,1,25
-1.1116519622756313,1,33
-0.667477943413447,1,49
-0.22208700943109227,1,52
0.2220870094310921,1,64
0.6662610282932765,1,69
1.110435047155461,1,59
1.5558259811378157,1,51
2.0,1,42
