1 mes: ,3 meses: ,6 meses: ,1 año: 
110243.09999999999,107262.6,119213.90000000001,283209.8
