1 mes: ,3 meses: ,6 meses: ,1 año: 
98307.40000000001,96685.59999999999,112584.8,290258.7
102267.6,96977.0,89237.90000000001,118300.59999999999
